{"models": ["LinearRegression", "Ridge", "Lasso", "SVR", "KernelRidge", "GaussianProcessRegressor", "DecisionTreeRegressor", "RandomForestRegressor", "AdaBoostRegressor", "GradientBoostingRegressor"], "mses": [0.3543, 0.3543, 0.3629, 0.2338, 0.3585, 828.3268, 0.3621, 0.1729, 0.1684, 0.1963], "training_times": [0.0136, 0.006, 0.0229, 11.6984, 41.7658, 84.7025, 0.2184, 25.9781, 34.1281, 7.9679], "inference_times": [2.422480620155039e-07, 2.422480620155039e-07, 0.0, 0.00035443313953488373, 7.005813953488373e-05, 0.0005143653100775194, 4.844961240310078e-07, 6.957364341085272e-05, 8.553779069767443e-05, 4.118217054263566e-06]}